ID,Location,Termini,2024,2022,2019,2017,2015,2013,2011,2009,2007,2005,2002
1,CENTRAL WAY,E OF LAKE ST,11396,10840,11548,12661,13236,13305,13559,15899,15814,15679,16851
2,CENTRAL WAY,W OF LAKE ST,17213,16116,16746,17726,19700,18877,19361,17730,19704,19559,20880
3,CENTRAL WAY,E OF 3RD ST,15037,15052,15888,18540,17440,18765,20236,20361,21515,18797,21675
4,CENTRAL WAY,E OF 6TH ST,23941,22484,24702,24503,23531,25786,26032,25152,27753,27297,29476
5,CARRILLON PT.,W OF LK. WASH. BLVD.,4050,3150,4556,5350,5021,5613,5070,5947,5506,6741,6216
6,FORBES CR DR,E OF MARKET ST,1975,1729,2098,2107,2015,1850,1700,1773,1997,1936,1755
7,HOLMES POINT DR,W OF JUANITA DR,1553,1439,1781,2219,1850,1954,1684,,,,
8,HOLMES POINT DR-76TH PL,W OF JUANITA DR,2085,2021,2343,2876,2480,,,,,,
9,JUANITA DR,S OF NE 143RD ST,9282,7832,12501,13092,12912,12567,11865,,,,
10,JUANITA DR,N OF NE 141ST ST,8353,7745,9612,10801,11116,10685,10093,,,,
11,JUANITA DR,N OF NE 132ND ST,,8612,11929,12163,12007,11582,10777,,,,
12,JUANITA DR,S OF NE 132ND ST,,8157,,,,,,,,,
13,JUANITA DR,N OF NE 122ND /76TH PL,9523,8632,11296,11684,11729,11830,10388,,,,
14,JUANITA DR,S OF NE 122ND /76TH PL,9282,11111,14526,15381,15139,14780,14516,,,,
15,JUANITA DR,W OF 93RD AVE NE,15487,14205,16604,17297,17991,16923,16599,16234,17434,18064,16666
16,JUANITA DR,W OF 98TH AVE NE,15575,15067,17386,18077,18189,16927,16722,17298,17784,17890,16207
17,JUANITA-WOODINVILLE RD,N OF NE 145TH ST,19092,18842,21035,19600,19289,18863,20170,,,,
18,JUANITA-WOODINVILLE RD,S OF NE 145TH ST,10075,10074,11830,11024,11904,11033,11113,,,,
19,JUANITA-WOODINVILLE RD,SW OF 108TH AVE NE,8228,7924,9222,9069,9657,8653,8923,,,,
20,JUANITA-WOODINVILLE RD,NE OF 100TH AVE NE,8136,8005,9045,9063,9685,8889,9469,,,,
21,KIRKLAND AVE,E OF LAKE ST,4086,3350,3266,3875,4519,4828,6610,4099,4591,4605,5679
22,KIRKLAND AVE,W OF LAKE ST,2329,1990,1854,,,,,,,,
23,KIRKLAND AVE.,W OF 6TH,968,712,771,1035,1261,1140,1257,1319,1640,1324,1503
24,KIRKLAND WAY,S OF CENTRAL,9498,9942,9653,8774,9684,9641,11177,8264,8593,8736,8788
25,KIRKLAND WAY,E OF 6TH ST,5404,5441,5547,6516,7714,8208,7142,5072,5626,5042,5048
26,KIRKLAND WAY,W OF 6TH ST,7107,6789,6434,5599,5921,6070,9016,6126,6495,5991,6422
27,LAKE ST,S OF CENTRAL WAY,12048,11076,12157,12317,13295,12855,17457,13185,13738,13997,13717
28,LAKE ST,N OF LAKEVIEW DR,11760,10300,12005,12356,13147,12282,13247,12473,13802,16447,14183
29,LAKE (WA. BLVD.),S OF LAKEVIEW DR,20385,17252,21723,21559,22190,19982,21116,19859,21776,22699,22934
30,LAKE (WA. BLVD.),N OF NE 38TH PL,20961,17810,21733,22172,22836,21773,24451,22108,23149,23423,24188
31,LAKE (WA. BLVD.),S OF NE 38TH PL,20206,17765,22978,23281,21376,20912,21700,25952,25330,24477,24464
32,LAKEVIEW DR,N OF LAKE WA. BLVD,8148,7011,9423,8830,9137,8579,8370,8217,9420,8746,8576
33,MAIN ST,S OF CENTRAL WAY,2065,2054,2150,2485,2045,2612,4147,1957,1887,1786,2188
34,MARKET ST,S OF FORBES CR DR,18945,16951,19479,20396,20598,19251,19127,18887,20682,20808,19804
35,MARKET ST,N OF 7TH AVE,16592,15484,16501,16700,18351,17376,18165,17064,20347,18998,18903
36,PARK LANE,E OF LAKE ST,1360,1021,1068,1188,1350,1183,1335,1408,1540,1284,1682
37,SIMONDS RD,W OF 100TH AVE NE,17133,17080,20002,17601,19024,17234,17023,,,,
38,SIMONDS RD,N OF NE 145TH ST ST,12385,12773,15069,12599,13123,12221,12347,,,,
39,SLATER AVE,S OF NE 120TH ST,12437,11461,12947,13477,13595,14216,14656,15636,15197,16221,12578
40,SLATER AVE NE,N OF NE 124TH ST,17443,16617,20470,19067,17864,14198,14309,17244,15864,16587,13025
41,SLATER AVE NE,S OF NE 124TH ST,12336,11596,14063,14376,15057,14484,14113,16257,15096,16426,12186
42,STATE ST,S OF KIRKLAND AVE,8923,6499,8240,7903,8111,7623,8152,8112,7956,8755,9052
43,STATE ST,N OF NE 68TH ST,8000,7023,8691,8735,10015,8472,7935,7769,8219,8006,8422
44,TOTEM LAKE BLVD,W OF 120TH AVE NE,11556,11549,13285,14522,11249,11131,10611,10715,10323,9986,10675
45,TOTEM LAKE BLVD,N OF 124TH AVE NE,17006,16477,17972,14878,19088,18630,16799,17776,19339,20980,22451
46,TOTEM LAKE BLVD,N OF NE 132ND ST,3770,4817,4706,4986,4363,4535,5247,5551,5344,6080
47,TOTEM LAKE BLVD,S OF NE 132ND ST,11457,8638,9993,9919,9118,8000,8291,8092,8189,9443,10014
48,WILLOWS ROAD,N OF NE 124TH STREET,4549,4045,,,,,,,,,
49,3RD ST,N OF CENTRAL WAY,5074,4527,4178,5479,5839,5004,5772,4876,5242,5763,5566
50,3RD ST,S OF CENTRAL WAY,8361,7761,8636,10897,8897,8296,10832,,7679,10058,10470
51,3RD ST,N OF 7TH AVE,2926,2586,2830,,3177,2510,2928,2720,2916,2949,2817
52,4TH AVE,E OF 6TH ST,3419,3194,6307,4668,5742,4921,5285,4610,5667,8756,6152
53,6TH ST,N OF CENTRAL WAY,8574,7805,8326,8208,8444,7737,8347,9396,8447,8745,7468
54,6TH ST,S OF CENTRAL WAY,9080,,10301,11051,11152,10291,12002,8547,12772,12394,12538
55,6TH ST,S OF KIRKLAND WAY,7215,6508,7326,9208,9837,7738,12305,7807,7517,7942,7974
56,6TH ST,N OF 7TH AVE,5448,4571,5605,5434,4963,4288,4428,4870,5602,5003,4420
57,6TH ST S,N OF NE 68TH ST,11033,8762,11076,10938,12005,10422,10858,10279,10637,11101,11087
58,7TH AVE,E OF MARKET ST,3830,3756,3295,,,,,2102,2479,3057,2458
59,7TH AVE,E OF 4TH ST,4929,4613,5181,4865,4215,3602,3784,3439,3183,3467,3223
60,15TH AVE,E OF MARKET ST,801,,791,,,,,761,1043,976,801
61,18TH AVE,E OF MARKET ST,1522,,1903,,,,,,,,
62,NE 38TH PL,E OF LAKE WASH BLVD,2818,2675,3536,3246,3204,3052,3283,3154,4158,3609,3310
63,NE 52ND ST,E OF LAKE WASH BLVD,621,577,814,,,,,580,,693,734
64,NE 52ND ST,W OF 108TH AVE NE,771,668,1023,,,,,732,835,725,835
65,NE 52ND ST,E OF 108TH AVE NE,,711,887,,,,,423,360,386,
66,NE 53RD ST,E OF 108TH AVE NE,2278,2354,2762,,,,,2309,3021,2605,2906
67,NE 60TH ST,E OF 108TH AVE NE,957,1061,1172,,,,,795,1778,2144,983
68,NE 60TH ST,W OF 108TH AVE NE,787,783,986,,,,,797,953,915,871
69,NE 60TH ST,E OF 116TH AVE NE,,,,,,,,3196,3618,3518,3268
70,NE 60TH ST,W OF 132ND AVE NE,2734,2439,2889,,,,,2891,3001,2944,2876
71,NE 68TH ST,E OF STATE ST,10929,8576,10532,11538,11648,11209,11392,9844,10971,10951,11107
72,NE 68TH ST,W OF STATE ST,8669,7122,9147,9314,9702,9492,9039,8573,9712,9256,9037
73,NE 68TH ST,E OF 108TH AVE NE,16651,14499,17326,16441,18668,16870,17020,16876,17276,18296,18715
74,NE 68TH ST,W OF 108TH AVE NE,10929,9322,11483,12194,12798,12043,12146,11613,13256,13986,12185
75,NE 70TH ST,W OF I-405 SB OFF R,18007,19262,19555,19733,20034,18551,18890,17693,18895,19146,18890
76,NE 70TH PL,E OF 116TH AVE NE,12704,11769,13868,13876,14447,12990,13516,13910,14478,15248,16281
77,NE 70TH PL,W OF 116TH AVE NE,19329,17469,20828,20326,21457,20179,19395,19953,19267,22047,21194
78,NE 70TH ST,E OF 122ND AVE NE,12211,11564,13529,12914,14387,12516,13047,13112,14018,14631,16055
79,NE 70TH ST,W OF 122ND AVE NE,12370,11452,13259,12758,14416,13017,13152,12926,13999,14646,16381
80,NE 70TH ST,W OF 132ND AVE NE,11124,10358,12041,11393,13031,11911,11455,10823,14161,13361,13544
81,NE 70TH ST,E OF 132ND AVE NE,12101,11742,,,,,,,,,
82,NE 80TH ST,E OF 120TH AVE NE,7580,6788,8346,6983,9718,7867,6251,6572,7783,6761,7532
83,NE 80TH ST,W OF 120TH AVE NE,7242,6212,7460,6496,7695,7448,5320,5968,7300,6823,6922
84,NE 80TH ST,E OF 124TH AVE NE,5052,4820,6335,5246,8894,5727,4666,5506,6264,4699,6179
85,NE 80TH ST,W OF 132ND AVE NE,3875,3665,5037,4000,6649,3941,3292,4052,4769,4092,4900
86,NE 85TH ST,E OF 114TH AVE NE,42523,43838,42807,40051,44485,41401,44552,40743,45060,44178,44843
87,NE 85TH ST,W OF 120TH AVE NE,42030,38689,42169,43018,41026,44334,46098,44454,44957,44950,48447
88,NE 85TH ST,W OF 122ND AVE NE,,35536,,,,,,,,,
89,NE 85TH ST,E OF 124TH AVE NE,30699,27859,30711,32593,28550,33589,36181,36493,35023,38517,38523
90,NE 85TH ST,W OF 124TH AVE NE,32590,31667,34145,34004,31498,35610,37457,37100,39454,39709,41068
91,NE 85TH ST,E OF 126TH AVE NE,29449,28808,,,,,,,,,
92,NE 85TH ST,W OF 126TH AVE NE,30699,29134,,,,,,,,,
93,NE 85TH ST,E OF 132ND AVE NE,32495,30213,36066,33391,31840,34831,35682,35536,33868,38419,37274
94,NE 85TH ST,W OF 132ND AVE NE,28254,28568,30444,29652,32317,32223,33261,34389,33811,35511,36233
95,NE 87TH ST,E OF 112TH AVE,6034,6175,7042,,,,,,,,
96,NE 90TH ST,E OF 124TH AVE NE,929,822,1590,1140,2043,983,763,790,711,712,838
97,NE 90TH ST,W OF 124TH AVE NE,5954,5412,5710,5819,7706,6424,4535,4205,4759,4946,4765
98,84TH AVE NE,N OF NE 145TH ST,,,3363,,,2163,2272,,,,
99,84TH AVE NE,S OF NE 145TH ST,2743,2824,,2718,2579,2580,2830,,,,
100,84TH AVE NE,S OF NE 141ST ST,3213,,,4007,3763,3925,3855,,,,
101,84TH AVE NE,N OF NE 132ND ST,1995,2014,2331,,,,,,,,
102,84TH AVE NE,S OF NE 132ND ST,2797,1407,3509,2859,2703,2967,3174,,,,
103,84TH AVE NE,N OF NE 124TH ST,2141,1990,2536,,,,,,,,
104,88TH AVE NE,S OF NE 145TH ST,1673,1431,1714,1591,1620,1488,1608,,,,
105,90TH AVE NE,N OF NE 134TH ST,4881,3765,4793,4261,4247,4213,4547,,,,
106,92ND AVE NE,S OF SIMONDS ROAD,4000,4408,,,,,,,,,
107,93RD AVE NE,N OF JUANITA DR,1719,1518,1929,1894,1710,1612,1337,1193,1524,1666,2027
108,NE 95TH ST,E OF 124TH AVE NE,1374,1179,1418,1273,1504,1107,1039,1170,1121,1091,1108
109,NE 95TH ST,W OF 132ND AVE NE,1059,894,1170,1026,1245,792,775,1032,1015,1029,1017
110,97TH AVE NE,N OF JUANITA DR,3219,3504,3627,4340,4354,4381,4254,3520,3776,3075,2980
111,98TH AVE NE,N OF NE 116TH ST,14277,14380,16185,16390,17535,15938,14657,14572,17246,16511,15498
112,98TH AVE NE,S OF NE 116TH ST,18373,16542,20353,20487,21810,19186,18019,17557,19956,20332,19604
113,98TH AVE NE,N OF NE 120TH PL,16560,15888,18148,18336,20485,19117,17878,17017,20898,18941,17452
114,NE 100TH ST,E OF 132ND AVE NE,1342,1448,1015,976,,,,,,,
115,NE 100TH ST,W OF 132ND AVE NE,2559,2105,3011,2705,2640,2033,1995,2195,2423,2466,2602
116,NE 100TH ST,E OF 124TH AVE NE,3240,2693,3526,3107,3263,2901,2537,2794,3027,2764,2945
117,NE 100TH ST.,W OF 124TH AVE NE,728,692,977,914,830,713,691,694,825,751,869
118,100TH AVE NE,N OF NE 124TH ST,23088,22812,24155,24224,25597,25279,25124,24126,28577,26076,25012
119,100TH AVE NE,S OF NE 124TH ST,18122,18367,20803,20631,22724,20891,20601,19274,21536,20906,19537
120,100TH AVE NE,N OF NE 132ND ST,24800,25649,29319,29427,32280,29915,25631,29160,29162,29110,29284
121,100TH AVE NE,S OF NE 132ND ST,23435,21634,26398,24575,27989,25195,25903,24689,28246,25754,25409
122,100TH AVE NE,N OF SIMONDS RD,14632,14933,17772,16525,17217,16149,16405,,,,
123,100TH AVE NE,S OF SIMONDS RD,16417,16201,18786,18973,19158,18493,16538,,,,
124,100TH AVE NE,N OF 145TH ST,11607,10495,12061,11604,12859,10948,9964,,,,
125,103RD AVE NE,N OF NE 124TH ST,,553,,,,,,,,,
126,103RD/104TH AVE NE,S OF NE 124TH ST,928,1196,,,,,,,,,
127,NE 104TH ST,E OF 124TH AVE NE,1127,866,907,1021,1086,1102,1004,956,889,919,807
128,104TH AVE NE,N OF NE 116TH ST,918,863,1065,969,981,919,915,1056,969,961,1172
129,108TH AVE NE,N OF CITY LIMITS,8584,6928,10122,9605,9351,7986,8732,10036,9278,9750,8915
130,108TH AVE NE,N OF NE 53RD ST,,,11971,10196,11561,8965,9532,10564,11591,11073,11212
131,108TH AVE NE,S OF NE 53RD ST,10223,7906,11622,9903,10695,9415,8851,9774,10818,10321,10512
132,108TH AVE NE,S OF NE 60TH ST,12665,9040,13217,,,,,,,,
133,108TH AVE NE,N OF NE 60TH ST,10386,9026,12225,10175,11816,9398,9890,11242,12199,11111,12053
134,108TH AVE NE,S OF NE 68TH ST,10785,9285,12563,10591,12147,9743,10188,11276,12698,12072,12842
135,108TH AVE NE,S OF NE 116TH ST,1379,1288,1336,1057,1208,1064,943,958,1210,1116,1491
136,108TH AVE NE,N OF NE 132ND ST,4509,3905,5105,4481,4894,4257,4807,4812,4860,5460,5288
137,108TH AVE NE,S OF JUANITA WOOD.,2430,2288,3096,2769,2880,,,,,,
138,111TH LANE NE,N OF NE 124TH STREET,,1489,,,,,,,,,
139,111TH LANE NE,S OF NE 124TH STREET,,943,,,,,,,,,
140,112TH AVE NE,N OF NE 87TH ST,2088,,2209,,,2393,,2069,2824,2007,2113
141,NE 112TH ST,E OF 108TH AVE NE,1358,1270,1659,,,,,1639,2078,1819,1776
142,NE 112TH ST,E OF 116TH AVE NE,4044,3766,4210,3932,4681,4544,4671,4513,4854,4555,4838
143,NE 112TH ST,W OF 116TH AVE NE,2002,2018,2271,2009,2503,2526,2496,2360,2353,2685,2387
144,NE 112TH ST,W OF 120TH AVE NE,,,,6634,6738,6416,6397,6448,6444,3306,5883
145,113TH PL NE,N OF 124TH ST.,3404,3818,3438,4762,3709,4471,4692,3386,4321,3716,3650
146,113TH AVE NE,S OF NE 124TH ST,3665,3042,4581,4736,4381,4505,4025,3914,3685,4759,4210
147,114TH AVE NE,N OF NE 85TH ST,8809,9228,10077,9777,9979,9457,13122,8334,9918,9480,9064
148,116TH AVE NE,N OF NE 40TH ST,6043,5185,6281,5406,5654,5328,4741,4684,5242,4952,5009
149,116TH AVE NE,N OF NE 60TH ST,6588,6059,7393,6755,6950,6825,6321,5792,6117,6389,6229
150,116TH AVE NE,S OF NE 60TH ST,5278,5325,6480,6161,5973,5565,5069,4802,5450,5076,5169
151,116TH AVE NE,N OF NE 70TH PL,7738,6560,7812,7716,8785,7835,6424,7259,7439,7773,7410
152,116TH AVE NE,S OF NE 70TH PL,14187,13664,16339,15576,18853,16511,15241,16208,16562,17718,16905
153,116TH AVE NE,N OF NE 87TH ST,3901,3788,4233,4007,4091,4010,4069,4071,4116,4229,4516
154,116TH AVE NE,S OF NE 112TH ST,3064,2787,3447,3183,3093,2964,3069,2743,2940,2900,2838
155,116TH AVE NE,N OF NE 124TH ST,15867,15128,16886,17115,17807,16571,16176,15566,11699,16937,14572
156,116TH AVE NE,S OF NE 124TH ST,11046,10896,12484,12387,12879,11079,10438,10679,10767,11095,11294
157,116TH AVE NE,N OF NE 128TH ST,10390,7829,11708,12532,14036,12493,12542,11864,9579,13351,14045
158,116TH AVE NE,S OF NE 128TH ST,16416,15648,16401,17014,17266,16659,15639,15052,10635,15731,15578
159,116TH WAY NE,N OF NE 132ND ST,1729,,1703,1700,1701,1588,1810,1767,1326,1746,2045
160,116TH WAY NE,S OF NE 132ND ST,11815,7782,11602,12658,12863,12159,13164,13405,9388,14357,14218
161,NE 116TH ST,E OF 98TH AVE NE,14571,13931,15835,16714,17097,15024,15175,15387,16170,16458,14546
162,NE 116TH ST,E OF 108TH AVE NE,15764,14923,16987,17576,16828,18648,15350,15798,16237,16865,15414
163,NE 116TH ST,E OF 120TH AVE NE,28957,25667,28270,29060,28839,28279,28133,30636,30321,30200,30083
164,NE 116TH ST,W OF 120TH AVE NE,18893,15895,18232,18102,18566,15019,15895,16975,19836,18463,16742
165,NE 116TH ST,E OF 124TH AVE NE,13963,12765,14657,15421,15706,16751,15911,16605,16924,19606,14802
166,NE 116TH ST,W OF 124TH AVE NE,20185,18482,20500,22045,23552,20635,21181,22847,25028,24112,22627
167,NE 116TH PLACE,W OF JUANITA DRIVE,905,,557,,,377,,,,,
168,NE 118TH ST.,W OF 116TH AVE NE,3407,3251,4553,4066,4366,3410,3625,3298,4090,4370,2763
169,118TH AVE NE,N OF NE 116TH STREET,1730,1557,,,,,,,,,
170,119TH PLACE NE,N OF NE 144TH STREET,2425,2470,,,,,,,,,
171,120TH AVE NE,N OF TOTEM LAKE BLVD,14212,15496,11901,4996,13039,13794,14023,15630,15751,18722,18054
172,120TH AVE NE,N OF NE 80TH ST,5636,5263,5418,4939,6402,5613,4425,4062,5039,4580,4992
173,120TH AVE NE,S OF NE 80TH ST,3313,2940,2883,1298,2963,3069,2316,3459,2608,2856,3580
174,120TH AVE NE,N OF NE 85TH ST,10623,10485,9835,9786,12032,9996,7216,7739,9452,8341,9089
175,120TH AVE NE,S OF NE 85TH ST,6279,5838,6633,6264,8197,6320,4480,5116,5433,4761,4931
176,120TH AVE NE,N OF NE 116TH ST,11619,11121,14628,14778,15024,12503,12781,12093,13539,13643,12499
177,120TH AVE NE,N OF NE 118TH ST,10569,10182,11733,12077,12677,8766,10155,10004,11912,,10272
178,120TH AVE NE,S OF NE 116TH ST,8415,7498,9925,9368,8854,8850,9258,9693,10370,9221,9179
179,120TH AVE NE,N OF NE 128TH ST,9732,10959,10194,9212,12528,12968,12954,13503,14514,11501,13010
180,120TH AVE NE,S OF NE 132ND ST,8135,8263,7132,6504,8545,8591,9266,10011,9125,8865,9369
181,120TH AVE NE,N OF NE 132ND ST,423,332,428,517,378,434,528,,,,
182,NE 120TH PL,W OF 98TH AVE NE,3908,3926,4273,4810,4593,5774,4261,3673,4164,3677,4091
183,NE 120TH ST,E OF SLATER AVE NE,10135,8159,10960,10480,10309,9337,9162,11837,9663,10573,9505
184,NE 120TH ST,W OF SLATER AVE NE,4408,4761,5716,5429,4855,,,,,,
185,NE 120TH ST,W OF 93RD AVE NE,,,284,,,313,,,,,
186,122ND AVE NE,S OF NE 70TH ST,1626,1412,1822,1749,1714,1534,1552,1644,1762,1724,1603
187,122ND AVE NE,N OF NE 70TH ST,1468,1535,1738,1581,1666,1268,1311,1430,1847,1536,1505
188,122ND AVE NE,S OF NE 80TH ST,2017,1841,2420,1953,2143,1647,1552,1813,2616,2538,2646
189,122ND AVE NE,N OF NE 85TH ST,5334,5348,6093,5888,5277,5486,4922,5759,6329,5621,6359
190,122ND AVE NE,S OF NE 85TH ST,3773,4445,5135,4311,5522,4295,1798,4658,2654,3219,3294
191,NE 122ND ST,E of JUANITA DRIVE,2822,2554,3095,3227,3266,3158,3558,,,,
192,NE 123RD ST,E OF SLATER AVE,1551,1368,1362,1495,1490,1520,1329,1422,1158,1690,1611
193,124TH AVE NE,N OF NE 85TH ST,11262,10654,12433,12743,13089,12677,12047,13359,13478,13509,12852
194,124TH AVE NE,S OF NE 85TH ST,5918,5907,6318,5355,6335,5314,4449,5333,5634,4841,4672
195,124TH AVE NE,S OF NE 100TH ST,14321,12529,14615,14511,14660,13471,12858,13498,14957,14943,15304
196,124TH AVE NE,N OF NE 100TH ST,14778,12723,13485,14763,14889,13616,12906,13210,14091,14868,16390
197,124TH AVE NE,S OF NE 120TH ST,12626,11979,13855,12903,14252,15365,14623,14913,17998,16817,18748
198,124TH AVE NE,S OF NE 116TH ST,17972,16658,19563,18386,17789,17754,16220,16065,16373,17405,17857
199,124TH AVE NE,S OF NE 124TH ST,19935,19044,20105,18512,20486,16400,15261,14898,15949,16574,19949
200,124TH AVE NE,N OF NE 132ND ST,12874,13028,14128,13290,14024,13805,12995,15485,13504,13350,13490
201,124TH AVE NE,S OF NE 132ND ST,6325,6571,6238,6133,5416,5265,5271,5436,5450,4861,5029
202,124TH AVE NE,N OF NE 144TH ST,11350,12579,14119,13467,13788,12903,12834,,,,
203,124TH AVE NE,S OF NE 144TH ST,13194,13648,15119,14500,14500,13739,13363,,,,
204,NE 124TH ST,E OF 100TH AVE NE,18887,18445,21400,21708,24117,26889,21671,20788,23778,21485,20436
205,NE 124TH ST,W OF 100TH AVE NE,2938,2662,3490,3259,3337,3231,3409,3156,3276,3562,4105
206,NE 124TH ST,E OF 103RD AVE NE,,19379,,,,,,,,,
207,NE 124TH ST,W OF 103RD AVE NE,,18745,,,,,,,,,
208,NE 124TH ST,E OF 111TH AVE NE,,21732,,,,,,,,,
209,NE 124TH ST,W OF 111TH AVE NE,,,,,,,,,,,
210,NE 124TH ST,W OF 113TH AVE NE,20793,19243,22082,23245,24406,24689,23465,22324,22701,25010,23572
211,NE 124TH ST,E OF 116TH AVE NE,35528,35152,37507,36875,39499,37366,37511,38942,37668,41375,38937
212,NE 124TH ST,W OF 116TH AVE NE,25706,23180,26219,28217,28597,28771,27272,26978,26033,27774,27648
213,NE 124TH ST,W OF 120TH PL,34859,33169,35344,35200,35467,34072,31525,32616,31144,35959,34034
214,NE 124TH ST,E OF 124TH AVE NE,30262,29478,34244,32037,32780,33618,31671,31352,29822,31576,31395
215,NE 124TH ST,W OF 124TH AVE NE,37430,35263,38763,34809,35819,35856,31619,32402,32655,36151,33897
216,NE 124TH ST,E OF SLATER AVE NE,33600,31191,34244,34759,35849,35397,39691,32246,31120,30449,
217,NE 124TH ST,W OF SLATER AVE NE,28198,23345,26555,29685,29823,30950,28388,28909,27644,28145,27691
218,NE 124TH ST,W OF WILLOWS ROAD,31806,30171,,,,,,,,,
219,126TH AVE NE,N OF NE 85TH ST,891,727,950,895,924,968,537,759,,,
220,126TH AVE NE,S OF NE 85TH ST,1207,966,1244,1057,1084,1070,987,1300,,,
221,128TH AVE NE,N OF NE 85TH ST,1329,1298,2137,1760,2499,1552,1450,1895,1903,1627,1399
222,128TH AVE NE,S OF NE 85TH ST,1322,1341,1778,1587,2117,1579,1476,1754,1727,1923,1518
223,NE 128TH ST,E OF TOTEM LAKE BLVD,,,11511,14203,11150,10641,10499,10125,,,
224,NE 128TH ST,W OF TOTEM LAKE BLVD,17713,20004,16607,15743,16071,14898,13809,10667,,,
225,NE 128TH ST,E OF 116TH AVE NE,15409,17507,16316,15890,14050,12844,12907,13771,,,
226,NE 128TH ST,W OF 116TH AVE NE,3069,3134,3410,2989,2832,2709,2524,2668,2392,2362,2769
227,NE 128TH ST,E OF 120TH AVE NE,8061,6722,6713,6289,6310,6164,6248,6351,4972,4578,4686
228,NE 128TH ST,W OF 120TH AVE NE,12362,12867,10758,13354,10751,10912,10533,9935,7766,2383,2857
229,NE 130TH LN,W OF 124TH AVE NE,2502,2806,2780,2618,2595,2406,2683,2948,3487,2980,2827
230,132ND AVE NE,N OF NE 40TH ST,,,,5071,5293,4722,4323,4383,5055,5519,4830
231,132ND AVE NE,N OF NE 60TH ST,5297,4777,6462,6046,6850,5610,5533,5778,5895,6089,6346
232,132ND AVE NE,S OF NE 60TH ST,4148,3653,5387,5229,5483,4931,4490,4493,5213,5036,5126
233,132ND AVE NE,N OF NE 70TH ST,7309,6238,7700,6981,7802,7255,7903,7196,7574,8107,8507
234,132ND AVE NE,S OF NE 70TH ST,6606,6476,7848,7151,8066,6981,6835,6726,7563,7759,7586
235,132ND AVE NE,S OF NE 80TH ST,6222,6006,7304,6355,8137,6422,7045,7255,7101,7689,8167
236,132ND AVE NE,N OF NE 85TH ST,12415,10951,12639,12174,12021,12301,10440,11742,11513,11878,11097
237,132ND AVE NE,S OF NE 85TH ST,5958,5256,6638,5742,6376,5745,5917,6618,6869,7300,7166
238,132ND AVE NE,N OF NE 100TH ST,8867,7544,11055,9125,8782,7538,6838,8163,8789,8347,7958
239,132ND AVE NE,S OF NE 100TH ST,11284,9240,12901,11078,10311,8687,8891,9895,10763,10530,9861
240,132ND AVE NE,S OF NE 113TH ST.,7764,6758,9685,8545,8042,6323,6044,7045,7048,6845,7020
241,132ND AVE NE,N OF NE 132ND ST,10382,9688,13115,12121,12212,10599,11732,12541,12433,12450,11970
242,132ND AVE NE,S OF NE 132ND ST,15436,14766,17734,16182,15304,16517,12629,15126,14888,13620,13930
243,132ND AVE NE,N OF 143RD ST,1570,1458,1587,1660,1559,1601,1562,,,,
244,132ND AVE NE,S OF 143RD ST,7403,7148,10369,10120,10107,8481,8361,,,,
245,NE 132ND ST,E of JUANITA DRIVE,2628,2248,3012,2185,1894,1814,1934,,,,
246,NE 132ND ST,E of 84TH AVE NE,4472,4197,5447,4338,4039,3958,4132,,,,
247,NE 132ND ST,E of 108TH PL,16476,15411,19873,18478,18410,17851,18684,20641,18621,20690,19032
248,NE 132ND ST,W of 108TH PL,14854,12979,16099,15225,15354,14151,15387,17255,15458,16870,15836
249,NE 132ND ST,W OF TOTEM LAKE BLVD,27759,,18678,16708,17457,16865,16025,18289,18662,21549,22314
250,NE 132ND ST,E OF 100TH AVE NE,14127,13157,15638,14611,14985,13755,14987,14688,15692,13398,14767
251,NE 132ND ST,W OF 100TH AVE NE,10830,9376,11295,9798,9779,9290,10503,10689,12088,12473,11211
252,NE 132ND ST,W OF 116TH WAY NE,17326,15435,17633,18612,19545,17878,18358,19027,17868,17957,18145
253,NE 132ND ST,W OF 120TH AVE NE,13709,9981,12949,12908,12366,12406,11072,11951,11040,13166,14796
254,NE 132ND ST,E OF 124TH AVE NE,12959,12008,14169,13361,12953,12069,11495,14261,13580,14180,14460
255,NE 132ND ST,W OF 124TH AVE NE,13587,12263,14824,13403,14980,13592,13521,17331,14792,16520,16960
256,NE 132ND ST,E OF 132ND AVE NE,5216,4583,6050,,,,,5287,6103,6340,8660
257,NE 132ND ST,W OF 132ND AVE NE,11989,11021,13076,12133,11411,10322,9819,,11616,11760,10680
258,NE 134TH ST,E OF 90TH AVE NE,3255,2894,,,,,,,,,
259,NE 137TH ST,W OF 100TH AVE NE,4635,4050,4647,4338,,,,,,,
260,NE 138TH PLACE,W OF JUANITA DRIVE,1658,1553,1626,,,,,,,,
261,NE 141ST ST,E of JUANITA DRIVE,3911,3639,4598,5193,4392,4567,4341,,,,
262,NE 141ST ST,E OF 84TH AVE NE,3592,3238,4157,3993,3696,3802,3967,,,,
263,NE 143RD ST,E OF 132ND AVE NE,7256,6498,8852,8700,8693,7354,7003,,,,
264,NE 143RD ST,W OF 132ND AVE NE,4369,4471,5840,6704,5506,5405,5588,,,,
265,NE 143RD ST,E OF JUANITA DRIVE,1182,,1536,1609,,,,,,,
266,NE 144TH ST,W OF 124TH AVE NE,2346,2120,2806,,,,,,,,
267,NE 144TH ST,E OF 124TH AVE NE,6833,6387,7555,8049,7688,7242,7598,,,,
268,NE 145TH ST,E OF 100TH AVE NE,12438,11123,12629,10850,10305,10285,11414,,,,
269,NE 145TH ST,E OF 88TH AVE NE,5528,4240,4218,3900,3743,3623,3607,,,,
270,NE 145TH ST,E OF 84TH AVE NE,5528,4116,4563,4069,4023,3845,4001,,,,
271,NE 145TH ST,W OF 84TH AVE NE,1804,1988,2000,1969,1976,1925,1818,,,,
272,NE 145TH ST,W OF JUANITA-WOOD RD,13137,11887,13251,11628,11283,10994,12120,,,,
